query,answer,sources,top-k,response_time(s),response_length,llm,llm_type
What data DialoGPT trained on?,"  According to the text, DialoGPT was trained on a dataset of 147 million conversation-like exchanges extracted from Reddit comment chains over a period spanning from 2005 through 2017.",['DIALOGPT.pdf'],3,30.36,185,llama-2-7b-chat.ggmlv3.q3_K_L.bin,llama
What is the problems that DialoGPT paper trying to solve?,"  The DialoGPT paper is attempting to solve several issues related to end-to-end conversation models trained on large naturally-occurring datasets. These include:

1. Lack of linear scaling with respect to the number of GPUs, which can hinder training efficiency.
2. Limited ability of current state-of-the-art models to generate diverse and informative responses in complex conversations.
3. Inconsistent content or style quality across different responses generated by these models.
4. Difficulty in modeling the intrinsically competing goals of two participants in human dialogue, which can lead to a greater one-to-many problem.
5. Limited ability of current models to handle informal and noisy textual chat, often containing syntactic or lexical errors.",['DIALOGPT.pdf'],3,74.71,758,llama-2-7b-chat.ggmlv3.q3_K_L.bin,llama
What is DialoGPT?,"  Based on the context provided, DialoGPT appears to be a large, tunable neural conversational response generation model that was trained on 147 million conversation-like exchanges extracted from Reddit comment chains between 2005 and 2017. The model is designed to generate human-like responses in single-turn dialogue settings and has been shown to perform well in both automatic and human evaluations.",['DIALOGPT.pdf'],3,59.04,404,llama-2-7b-chat.ggmlv3.q3_K_L.bin,llama
How is the architecture of DialoGPT designed to handle conversational context?,"  The architecture of DialoGPT is designed to handle conversational context through several techniques:

1. Contextualized Word Embeddings: DialoGPT uses a variant of the transformer architecture called the ""Multi-Head Self-Attention"" mechanism, which allows it to consider the entire input sequence when generating each output element. This helps the model capture long-range dependencies and contextual relationships in the conversation.
2. Encoder-Decoder Architecture: The encoder part of DialoGPT is designed to extract relevant information from the input sequence (e.g., a few words or a short sentence) and pass it through a series of transformer layers, which generate output elements one at a time. This allows the model to capture contextual relationships between different parts of the conversation.
3. Attention Mechanism: DialoGPT uses an attention mechanism that learns to focus on specific parts of the input sequence when generating each output element. This helps the model pay more attention to relevant information in the conversation and ignore irrelevant details.
4. Multi-Head Attention: The multi-head attention mechanism used in DialoGPT allows it to jointly attend to different representation subspaces at different positions, which helps capture a wide range of contextual relationships between input elements.
5. Pre-training on Reddit Data: By pre-training the model on large amounts of text data from Reddit, DialoGPT can learn about common conversation topics and language patterns, allowing it to generate more relevant responses in new conversations.",['DIALOGPT.pdf'],3,75.0,1582,llama-2-7b-chat.ggmlv3.q3_K_L.bin,llama
Can you explain the key architectural components of DialoGPT mentioned in the paper?,"  Certainly! The paper ""DialoGPT"" presents a novel architecture for generating multi-turn dialogues. Here are the key architectural components mentioned in the paper:

1. Encoder-Decoder Architecture: The authors use an encoder-decoder architecture, which consists of an encoder that processes the input sequence (a series of turns in a conversation) and generates a contextualized representation of it, followed by a decoder that generates the output sequence (the next turn in the conversation).
2. Multi-Turn Dialogue Generation: The authors propose a novel approach to generating multi-turn dialogues, which involves modeling each turn as a separate instance in a dataset and training the model on this dataset. This allows the model to learn how to generate coherent and contextually relevant responses in a conversation.
3. Attention Mechanism: To help the model focus on the most relevant parts of the input sequence, the authors use an attention mechanism that weights the importance of different words or phrases in the input. This allows the model to selectively attend to the most important parts of the input when generating each turn.
4. Batching Strategy: To increase training throughput, the authors employ a dynamic batching strategy that groups conversations of similar lengths into the same batch. This allows the model to generate responses more quickly and efficiently.
5. Tokenizer: The authors use a tokenizer to preprocess the input sequence before passing it through the encoder-decoder architecture. The tokenizer is responsible for breaking the input sequence into individual tokens (e.g., words or punctuation) and converting them into numerical representations that can be processed by the model.
6. Model Depth: The authors experiment with different depths of their transformer-based model, which refers to the number of layers in the encoder and decoder. They find that deeper models tend to perform better on this task, likely due to their ability to capture longer-range dependencies in the input sequence.
7. Hugging Face Transformation: The authors use a pre-trained transformer model from Hugging Face, which is a popular open-source library for natural language processing tasks. They modify this model and fine-tune it on their dataset to improve its performance on multi-turn dialogue generation.
8. OpenAI GPT-2: The authors also use the OpenAI GPT-2 model as a baseline for",['DIALOGPT.pdf'],3,84.17,2413,llama-2-7b-chat.ggmlv3.q3_K_L.bin,llama
What evaluation metrics were used in the paper to assess the performance of DialoGPT?,"  The paper uses several evaluation metrics to assess the performance of DialoGPT, including:

1. Relevance: This metric measures how well the generated responses are relevant to the given prompt or context.
2. Informativeness: This metric assesses how informative and useful the generated responses are in providing additional information or clarifying the topic being discussed.
3. Human response possibility: This metric evaluates how likely a human would respond in a similar manner to the generated response.
4. Automatic evaluation metrics: The paper uses several automatic evaluation metrics, such as perplexity, BLEU score, and ROUGE score, to evaluate the quality of the generated responses in terms of their coherence, fluency, and grammatical correctness.",['DIALOGPT.pdf'],3,56.35,766,llama-2-7b-chat.ggmlv3.q3_K_L.bin,llama
Can you discuss the results of the human evaluation mentioned in the paper?,"  Of course! The paper presents the results of a human evaluation conducted on a test dataset from Reddit. Here are the key findings:

1. Relevance: DialoGPT (with MMI) outperformed its variants and real human responses, with an average preference score of 2978 (50%) compared to 241 (4%).
2. Informativeness: DialoGPT also performed better in terms of informativeness, with an average preference score of 2781 (46%), compared to 241 (4%).
3. Human-response possibility: The results showed that DialoGPT was preferred over real human responses for the ""human-like"" and ""informative"" categories, with an average preference score of 0.4527 and 0.4537, respectively.

Overall, the results suggest that DialoGPT (with MMI) outperformed its variants and real human responses in terms of relevance, informativeness, and human-response possibility.",['DIALOGPT.pdf'],3,63.78,841,llama-2-7b-chat.ggmlv3.q3_K_L.bin,llama
"How does DialoGPT compare with other conversation models in terms of performance, according to the paper?","  According to the paper, DialoGPT performs comparatively well against other conversation models in terms of automatic and human evaluation in single-turn dialogue settings. The paper's results show that DialoGPT achieves a performance close to human in both automatic and human evaluations, with preferences for DialoGPT ranging from 46% to 70%. In contrast, other models such as BERT-based models and transformer-based models perform less well in these evaluations.",['DIALOGPT.pdf'],3,51.93,467,llama-2-7b-chat.ggmlv3.q3_K_L.bin,llama
What challenges or limitations does the paper acknowledge in the performance of DialoGPT?,"  The paper acknowledges several challenges and limitations in the performance of DialoGPT:

1. Lack of diversity in the training data: The model is trained on a large dataset of conversation-like exchanges from Reddit, but there may be limited diversity in the types of conversations present in the dataset. This could limit the model's ability to generalize to other types of conversations.
2. Limited evaluation metrics: The paper acknowledges that automatic evaluation metrics, such as perplexity and BLEU score, may not fully capture the quality of the generated responses. Human evaluations are used to supplement these metrics, but there is still a risk of bias in the human evaluation process.
3. Ethical considerations: The paper notes that current state-of-the-art end-to-end conversation models trained on large naturally-occurring datasets may produce responses that are unethical or disagreeable, such as promoting harmful or offensive content. DialoGPT is designed to address these issues by incorporating a dynamic batching strategy and using external knowledge sources to improve the quality of generated responses.
4. Limited control over generated responses: While DialoGPT can generate coherent and contextually relevant responses, there may be limitations in terms of controlling the specific content or tone of the generated responses. This could make it difficult to ensure that the model produces appropriate or ethical responses in all situations.
5. Dependence on external knowledge sources: DialoGPT relies on external knowledge sources to improve the quality of generated responses, but there may be limitations in terms of the availability and accuracy of these sources. This could impact the performance of the model in certain scenarios.",['DIALOGPT.pdf'],3,72.43,1767,llama-2-7b-chat.ggmlv3.q3_K_L.bin,llama
Does the paper discuss any fine-tuning strategies or adaptation techniques for DialoGPT?,"  Yes, the paper discusses several fine-tuning strategies and adaptation techniques for DialoGPT. Here is a summary of what the paper mentions:

1. Fine-tuning on specific domains: The authors experiment with fine-tuning DialoGPT on different domain-specific datasets, such as customer service or medical dialogues, to improve its performance in those areas.
2. Adversarial training: The authors apply adversarial training to DialoGPT by adding noise to the input prompts and evaluating the model's ability to generate coherent responses. This helps the model learn to be more robust against unexpected inputs.
3. Multi-task learning: The authors explore multi-task learning with DialoGPT, where it learns to perform multiple dialogue generation tasks simultaneously. This improves its performance in each task by leveraging shared knowledge across tasks.
4. Prompt engineering: The authors investigate the effectiveness of different prompt engineering techniques, such as adding context or modifying sentence structure, to improve DialoGPT's performance on specific tasks.
5. Dynamic batching: The authors use a dynamic batching strategy to group conversations of similar lengths into the same batch, which helps increase training throughput and reduce the risk of overfitting.",['DIALOGPT.pdf'],3,55.41,1278,llama-2-7b-chat.ggmlv3.q3_K_L.bin,llama
What is DialoGPT?,"  Based on the context provided, DialoGPT appears to be a large, tunable neural conversational response generation model that was trained on 147 million conversation-like exchanges extracted from Reddit comment chains between 2005 and 2017. The model is designed to generate human-like responses in single-turn dialogue settings and has been shown to perform well in both automatic and human evaluations.",['DIALOGPT.pdf'],3,54.42,404,llama-2-7b-chat.ggmlv3.q3_K_L.bin,llama
What is DialoGPT?,"  Based on the context provided, DialoGPT appears to be a large, neural conversational response generation model that was trained on a dataset of conversation-like exchanges extracted from Reddit comment chains. The model is designed to generate human-like responses in single-turn dialogue settings and has been shown to perform well in both automatic and human evaluations.",['DIALOGPT.pdf'],3,51.47,375,llama-2-7b-chat.ggmlv3.q3_K_L.bin,llama
What is the fundamental concept introduced in the 'Attention is All You Need' paper?,"  The fundamental concept introduced in the ""Attention is All You Need"" paper is the self-attention mechanism, which allows the model to attend to different positions of a single sequence when computing its representation. This is in contrast to traditional recurrent neural network (RNN) architectures, which require sequential processing and rely on long-term dependencies to capture complex contextual relationships between input sequences. The self-attention mechanism enables the Transformer to efficiently process input sequences of arbitrary length and handle long-distance dependencies without relying on fixed-length context windows or recurrence.",['Attention_is_all_you_need.pdf'],3,49.64,656,llama-2-7b-chat.ggmlv3.q4_K_M.bin,llama
"How does the transformer architecture in the paper handle sequential data, and what advantages does it offer over traditional sequence-to-sequence models?","  The Transformer architecture in the paper handles sequential data through the use of multi-head attention mechanisms. Specifically, the encoder-decoder attention layers allow every position in the decoder to attend over all positions in the input sequence, while the self-attention layers within the encoder allow each position to attend to all positions in the previous layer of the encoder. This allows the Transformer to capture long-range dependencies in the data without relying on recurrence or convolutions.

One advantage of the Transformer over traditional sequence-to-sequence models is its ability to parallelize computation more easily, as attention mechanisms can be computed independently for each position in the input sequence. This allows the Transformer to scale to larger datasets and achieve state-of-the-art results with less computational resources than traditional recurrent neural network (RNN) or convolutional neural network (CNN) architectures. Additionally, the Transformer's attention mechanism allows it to capture longer-range dependencies in the data, which can improve its performance on tasks such as machine translation and text summarization.",['Attention_is_all_you_need.pdf'],3,51.9,1180,llama-2-7b-chat.ggmlv3.q4_K_M.bin,llama
tell me about encoder decoder architecture?,"  Sure, I'd be happy to help! The Transformer model uses an encoder-decoder architecture, which is a common approach in neural sequence transduction models. Here's how the architecture works:

* Encoder: The encoder consists of a stack of 6 identical layers, each with two sub-layers. The first sub-layer is a multi-head self-attention mechanism, and the second sub-layer is a simple, position-wise fully connected feed-forward network. There are residual connections around each of the two sub-layers, followed by layer normalization.
* Decoder: The decoder also consists of a stack of 6 identical layers, with a third sub-layer that performs multi-head attention over the output of the encoder stack. Like the encoder, the decoder uses residual connections and layer normalization. However, there is an additional modification to prevent positions from attending to subsequent positions in the decoder stack.
* Encoder and Decoder Stacks: The encoder and decoder are both composed of multiple layers, with each layer consisting of two sub-layers. The output of each sub-layer is passed through a residual connection, followed by layer normalization.

I hope this helps! Let me know if you have any other questions.",['Attention_is_all_you_need.pdf'],3,55.35,1216,llama-2-7b-chat.ggmlv3.q4_K_M.bin,llama
tell me llama2-chat 7b model?,"  The Llama 2-Chat 7B model is a language model that has been fine-tuned for chat tasks, and it outperforms the equivalent Vicuna-33B and Falcon 40B models in terms of overall win rate on some benchmarks. Specifically, Llama 2-Chat 7B has an overall win rate of more than 75% against equivalently sized Vicuna-33B and Falcon 40B models. This is likely due to its limited parameter count, which restricts the amount of knowledge it can store.","['llama2_chat.pdf', 'Mistral_7B.pdf']",3,39.72,441,llama-2-7b-chat.ggmlv3.q4_K_M.bin,llama
Summarize dialoGPT paper for me.,"  Of course! The DialoGPT paper presents a new end-to-end conversation model that outperforms existing models in various evaluation metrics. The key innovation of DialoGPT is the use of multi-modal input (MMI) to improve the model's ability to generate coherent and contextually relevant responses.
DialoGPT was evaluated on a benchmark dataset and achieved better results than other state-of-the-art models in terms of relevance, informativeness, and human response possibility. The model also showed improved performance compared to its variants when paired with MMI.
The DSTC-7 Dialogue Generation Challenge is a task that evaluates the ability of conversation models to generate responses that are grounded in external knowledge. DialoGPT performed well in this challenge, demonstrating its capacity to engage in human-like conversations.
Overall, the paper highlights the potential of DialoGPT as a robust and versatile end-to-end conversation model for various applications, including chatbots, virtual assistants, and language translation.",['DIALOGPT.pdf'],3,61.34,1046,llama-2-7b-chat.Q4_K_M.gguf,llama
Summarize dialoGPT paper for me.,"  Of course! The DialoGPT paper presents a new end-to-end conversation model that outperforms existing models in various evaluation metrics. The key innovation of DialoGPT is the use of Multi-Modal Input (MMI) to improve the quality and diversity of generated responses. MMI allows the model to take into account both textual and linguistic information, leading to more informative and coherent conversations.
DialoGPT was evaluated on a benchmark dataset and showed significant improvements over other models in terms of relevance, informativeness, and human-response possibility. The results indicate that DialoGPT is able to generate responses that are not only relevant but also informative and coherent, even when compared to human outputs.
The paper also discusses the challenges of modelling conversations, which are inherently more diverse and complex than other text generation tasks due to the presence of competing goals and informal language use. DialoGPT addresses these challenges by employing a dynamic batching strategy that increases training throughput while maintaining the quality of generated responses.
Overall, the paper demonstrates the effectiveness of DialoGPT in generating high-quality conversations and highlights its potential applications in various domains such as customer service, language translation, and virtual assistants.",['DIALOGPT.pdf'],3,65.65,1360,llama-2-7b-chat.Q4_K_M.gguf,llama
Tell me about self attention mechanism?,"  Sure! Self-attention is an attention mechanism that allows different positions within a single sequence to relate and compute a representation of the sequence. It has been used in various models, including ConvS2S and ByteNet, where it helps learn dependencies between distant positions. In contrast, Transformer uses self-attention in its encoder layers, allowing each position to attend to all positions in the previous layer of the encoder. This allows for a more efficient computation of attention weights, as only positions that are relevant to each other need to be computed.",['Attention_is_all_you_need.pdf'],3,43.11,583,llama-2-7b-chat.Q4_K_M.gguf,llama
"Tell me the details about self attention mechanism, specifically how it works","  Sure! Self-attention is an attention mechanism that allows a model to relate different positions of a single sequence in order to compute a representation of the sequence. In other words, self-attention enables the model to focus on different parts of the input sequence when computing its representation.
Here's how self-attention works:
1. First, the input sequence is split into multiple segments called ""keys,"" ""values,"" and ""queries."" The keys and values represent the input sequence, and the queries represent the context in which the input sequence is being processed.
2. Next, the model computes the attention weights by taking the dot product of the queries and keys and applying a softmax function. The attention weights are used to compute a weighted sum of the values, where the weights are determined by the similarity between the queries and keys.
3. Finally, the model uses the weighted sum of the values to compute the representation of the input sequence. This representation is then passed through a non-linear activation function to produce the final output.
Self-attention allows the model to capture long-distance dependencies in the input sequence, which can be difficult to achieve with traditional recurrent neural network (RNN) architectures. By allowing the model to focus on different parts of the input sequence at different times, self-attention enables the model to capture complex contextual relationships between different parts of the sequence.
In the Transformer architecture, self-attention is used in each layer of the encoder and decoder. In the encoder, self-attention allows the model to capture the dependencies between the input sequence and the output of the previous layer. In the decoder, self-attention allows the model to attend to different parts of the input sequence as it generates the output sequence.
I hope this helps! Let me know if you have any other questions about self-attention or the Transformer architecture.",['Attention_is_all_you_need.pdf'],3,62.86,1971,llama-2-7b-chat.Q4_K_M.gguf,llama
"What is K, Q, V and how their are used in attention mechanism","  Great! You're asking about the notation used in the context of the attention mechanism. Here's a brief explanation of each symbol you mentioned:
* K (keys): This represents the input sequence of keys, which are typically learned during training and used to compute the compatibility function.
* Q (query): This represents the input sequence of queries, which are used to compute the attention weights.
* V (values): This represents the input sequence of values, which are used to compute the attention weights along with the query sequence.
* Attention(Q, K, V) = softmax(QKT√dk)V: This is the attention mechanism formula, where Q, K, and V are the input sequences of queries, keys, and values, respectively. The formula first computes the dot product of the query and key sequences, then applies a softmax function to normalize the results, and finally multiplies the resulting vector by a scaling factor √dk before applying matrix multiplication with the value sequence.
In summary, K, Q, and V are the input sequences used in the attention mechanism, which computes attention weights based on the similarity between the query and key sequences. The attention weights are then used to compute a weighted sum of the value sequence, resulting in the final output of the attention layer.",['Attention_is_all_you_need.pdf'],3,52.56,1288,llama-2-7b-chat.Q4_K_M.gguf,llama
