question,answer,response_time,generation_llm,critic_llm,evaluation_from_llm_grade,evaluation_from_llm_metrics
What is DialoGPT?,"  Based on the context provided, DialoGPT is a large, tunable neural conversational response generation model that was trained on 147 million conversation-like exchanges extracted from Reddit comment chains over a period spanning from 2005 to 2017. The model is designed to generate human-like responses in single-turn dialogue settings and has been shown to perform well in both automatic and human evaluations.",55.12,llama-2-7b-chat.ggmlv3.q3_K_L.bin,mistral-7b-instruct-v0.1.Q4_K_M.gguf,"I would give this predicted answer a grade of 4 out of 5. The answer accurately summarizes the main points about DialoGPT, including its training data, performance in single-turn dialogue settings, and ability to generate human-like responses. However, it could be improved by providing more specific details about the model's architecture or how it was trained. Additionally, it would be helpful to include any relevant statistics or metrics that support the claim that DialoGPT performs well in both automatic and human evaluations. Overall, this is a strong answer that demonstrates an understanding of the main concepts related to DialoGPT.","Coherence: 4 - The predicted answer provides a clear and concise explanation of DialoGPT, its training data, and its performance in single-turn dialogue settings. However, it does not provide any additional information about the model's architecture or how it was trained beyond what is mentioned in the context.

Conciseness: 4 - The predicted answer provides a clear and concise explanation of DialoGPT without including unnecessary details. It effectively summarizes the key points about the model, its training data, and its performance.

Accuracy: 5 - The predicted answer accurately reflects the information provided in the context. It correctly identifies DialoGPT as a large, tunable neural conversational response generation model that was trained on conversation-like exchanges extracted from Reddit comment chains over a period spanning from 2005 to 2017. The answer also accurately describes the model's performance in single-turn dialogue settings and its ability to generate human-like responses both automatically and through human evaluation."
What data DialoGPT trained on?,"  According to the text, DialoGPT was trained on 147 million conversation-like exchanges extracted from Reddit comment chains over a period spanning from 2005 through 2017.",32.79,llama-2-7b-chat.ggmlv3.q3_K_L.bin,mistral-7b-instruct-v0.1.Q4_K_M.gguf,The predicted answer is correct and provides accurate information about DialoGPT's training data. I would give this answer a grade of 4 out of 5 for its accuracy and completeness.,"Coherence: 4 - The predicted answer is highly coherent with the provided context as it accurately states that DialoGPT was trained on 147 million conversation-like exchanges extracted from Reddit comment chains over a period spanning from 2005 through 2017.

Conciseness: 3 - The predicted answer is moderately concise, but could be more succinct by simply stating that DialoGPT was trained on conversation-like exchanges extracted from Reddit comment chains over a period spanning from 2005 through 2017.

Accuracy: 4 - The predicted answer accurately states the data used to train DialoGPT, which is highly relevant and accurate within the given context."
What is the problems that DialoGPT paper trying to solve?,"  According to the text, the main problem that the DialoGPT paper is trying to solve is the issue of inconsistent content and style in open-domain neural response generation systems. The authors argue that these systems are trained on large naturally-occurring datasets, which can lead to issues such as lack of coherence, informality, noise, and syntactic/lexical errors in generated responses. They aim to address this problem by proposing DialoGPT, a new end-to-end conversation model that leverages multi-modal input (MMI) to generate more human-like and diverse responses.",51.85,llama-2-7b-chat.ggmlv3.q3_K_L.bin,mistral-7b-instruct-v0.1.Q4_K_M.gguf,"Feedback: The predicted answer accurately summarizes the main problem that DialoGPT paper aims to solve, which is inconsistent content and style in open-domain neural response generation systems. However, it could be improved by providing more specific details about how DialoGPT addresses this issue and what makes it different from other models.
Grade: 3 out of 5","Coherence: 4 - The predicted answer provides a clear and logical explanation of the main problem that DialoGPT is trying to solve, which is inconsistent content and style in open-domain neural response generation systems. However, it could be improved by providing more specific examples or details about how these issues arise in generated responses.

Conciseness: 3 - The predicted answer provides a good summary of the main problem that DialoGPT addresses, but it could benefit from being more concise and to the point. For example, instead of mentioning multiple potential issues with generated responses, the author could focus on one or two key problems and provide specific examples to illustrate their points.

Accuracy: 4 - The predicted answer accurately reflects the main problem that DialoGPT is trying to solve, which is inconsistent content and style in open-domain neural response generation systems. However, it could be improved by providing more context or background information about why these issues are important or how they affect human interactions."
How is the architecture of DialoGPT designed to handle conversational context?,"  The architecture of DialoGPT is designed to handle conversational context through several techniques, including:

1. Encoder-Decoder Architecture: DialoGPT uses an encoder-decoder architecture, where the encoder processes the input conversation and generates a continuous representation of it, which is then passed to the decoder for generating the response. This allows the model to capture the context and continuity of the conversation.
2. Attention Mechanism: DialoGPT uses an attention mechanism that allows it to focus on specific parts of the input conversation when generating the response. This helps the model to selectively attend to relevant information in the context, rather than relying solely on a fixed context or a single feature.
3. Multi-Head Attention: DialoGPT uses a multi-head attention mechanism that allows it to jointly attend to information from different representation subspaces at different positions. This helps the model to capture a wide range of contextual information and generate more informative responses.
4. Pre-training on Reddit Data: DialoGPT is pre-trained on a large dataset of conversations from Reddit, which provides it with a rich source of contextual information. The model can learn to recognize patterns in language use and generate appropriate responses based on the context.
5. Use of MMI: DialoGPT uses a modified version of the transformer architecture called Multi-Head Mutual Information (MMI), which helps the model to capture longer-range dependencies in the input conversation and generate more coherent responses.",72.54,llama-2-7b-chat.ggmlv3.q3_K_L.bin,mistral-7b-instruct-v0.1.Q4_K_M.gguf,"The predicted answer provides an accurate summary of the key techniques used in DialoGPT's architecture for handling conversational context. The explanation covers the encoder-decoder architecture, attention mechanism, multi-head attention, pre-training on Reddit data, and use of MMI. However, there is no mention of dynamic batching strategy or the specific evaluation metrics mentioned in the given context.

Therefore, I would grade this answer as 4 out of 5. While it provides a good overview of DialoGPT's architecture for handling conversational context, it could have been improved by including more details on the dynamic batching strategy and the specific evaluation metrics mentioned in the given context.","Coherence: 4 - The predicted answer provides a comprehensive overview of DialoGPT's architecture and its ability to handle conversational context through several techniques, including an encoder-decoder architecture, attention mechanism, multi-head attention, pre-training on Reddit data, and use of MMI. However, the answer could be improved by providing more specific examples or case studies that illustrate how these techniques work in practice.

Conciseness: 3 - The predicted answer is clear and to the point within the given context, but it could benefit from being more concise. For example, some of the sentences are quite long and could be simplified without losing any important information. Additionally, the answer could be organized in a way that makes it easier for readers to quickly understand the key points.

Accuracy: 4 - The predicted answer accurately reflects DialoGPT's architecture and its ability to handle conversational context through several techniques. However, there may be some minor errors or omissions in the details provided, which could affect the overall accuracy of the answer."
Can you explain the key architectural components of DialoGPT mentioned in the paper?,"  Sure! The key architectural components of DialoGPT mentioned in the paper are:

1. Dynamic Batching Strategy: This involves grouping conversations of similar lengths into the same batch, which increases training throughput.
2. End-to-End Conversational Modeling Task: DSTC 7 is an end-to-end task that aims to generate conversation responses that go beyond chitchat by injecting information grounded in external knowledge. This is distinct from goal-oriented, task-oriented, or task-completion dialogs, which have a specific or predetermined goal.
3. Multi-Turn Dialogue Session: DialoGPT models a multi-turn dialogue session as a long text and frames the generation task as language modeling. The sequence length is denoted as N, and the conditional probability of the target sentence given the source sentence can be written as the product of a series of conditional probabilities.
4. Modified OpenAI GPT-2 Model: DialoGPT uses an initialization scheme that accounts for model depth and byte pair encodings (Sennrich et al., 2016) for the tokenizer. The model is also available over Hugging Face Translation, which allows for easy sharing and replication of the model.
5. Tokenizer: DialoGPT uses a modified version of the OpenAI GPT-2 tokenizer to handle out-of-vocabulary words and improve performance.",61.62,llama-2-7b-chat.ggmlv3.q3_K_L.bin,mistral-7b-instruct-v0.1.Q4_K_M.gguf,"The predicted answer provides an accurate summary of the key architectural components of DialoGPT mentioned in the paper. The answer covers all the important points and explains them clearly. I would give this answer a grade of 4 out of 5, as it provides a comprehensive overview of the model's architecture and its features.","Coherence: 4 - The predicted answer provides a clear and logical explanation of the key architectural components of DialoGPT mentioned in the paper, including their roles and functions within the model architecture. However, it could be improved by providing more specific examples or use cases to illustrate how these components work together.

Conciseness: 3 - The predicted answer is generally clear and concise, but there are some areas where additional details or explanations would help clarify certain concepts. For example, the explanation of the dynamic batching strategy could be expanded upon to show how it works in practice and what benefits it provides.

Accuracy: 4 - The predicted answer accurately summarizes the key architectural components of DialoGPT mentioned in the paper, including their roles and functions within the model architecture. However, there may be some minor errors or omissions that could be corrected for greater accuracy. Overall, the answer provides a good overview of the main features and capabilities of DialoGPT."
What evaluation metrics were used in the paper to assess the performance of DialoGPT?,"  According to the text, the following evaluation metrics were used in the paper to assess the performance of DialoGPT:

1. Relevance: This metric measures how well the generated responses are relevant to the context of the conversation.
2. Informativeness: This metric assesses how informative and useful the generated responses are for continuing the conversation.
3. Human response possibility: This metric evaluates how likely a human would respond in a similar way to the generated response.
4. Automatic evaluation metrics: The paper also used automatic evaluation metrics, such as perplexity and BLEU score, to assess the quality of the generated responses.",54.1,llama-2-7b-chat.ggmlv3.q3_K_L.bin,mistral-7b-instruct-v0.1.Q4_K_M.gguf,"The predicted answer accurately identifies the evaluation metrics used in the paper to assess the performance of DialoGPT. The answer provides clear explanations for each metric and their purpose in evaluating the model's performance. However, it could have been improved by providing more specific details on how these metrics were calculated or measured.

Overall, I would grade this answer a 4 out of 5.","Coherence: 4 - The predicted answer provides a clear and logical explanation of the evaluation metrics used in the paper, but it could be more concise by focusing on the main points only.

Conciseness: 3 - While the answer is not overly long, it still contains unnecessary information that does not contribute to understanding the context.

Accuracy: 5 - The predicted answer accurately describes the evaluation metrics used in the paper and provides relevant examples to illustrate their purpose."
Can you discuss the results of the human evaluation mentioned in the paper?,"  Sure, according to Table 7 of the provided context, the results of the human evaluation are as follows:

For relevance, the preferred system was DialoGPT with MMI (2978 out of 50), followed by real human responses (241 out of 6). For informativeness, DialoGPT without MMI was the most preferred (50%), while real human responses were the least preferred (4%). For human-response possibility, DialoGPT with MMI was the most preferred (46%), followed by real human responses (2781 out of 6).

In summary, the results show that DialoGPT with MMI performed better than its variants and real human responses in terms of relevance, informativeness, and human-response possibility.",59.3,llama-2-7b-chat.ggmlv3.q3_K_L.bin,mistral-7b-instruct-v0.1.Q4_K_M.gguf,"The predicted answer accurately summarizes the results of the human evaluation mentioned in the paper. The student has correctly identified that DialoGPT with MMI performed better than its variants and real human responses in terms of relevance, informativeness, and human-response possibility. Additionally, the student has provided a clear explanation for why this was the case.

Overall, I would grade this answer as 4 out of 5. The only improvement could be to provide more specific details about the results, such as the exact percentage points that DialoGPT with MMI outperformed its variants and real human responses in each category.","Coherence: I would rate this answer a 4 out of 5 for coherence. The predicted answer accurately summarizes the results of the human evaluation mentioned in the paper, including the preferred systems and their performance across different metrics such as relevance, informativeness, and human-response possibility. However, it could be improved by providing more specific details about the statistical significance of the differences between the models and real human responses.

Conciseness: I would rate this answer a 3 out of 5 for conciseness. While the predicted answer provides an accurate summary of the results, it could benefit from being more concise and to the point. For example, instead of repeating the same information about each metric (relevance, informativeness, human-response possibility), the answer could simply state that DialoGPT with MMI performed better than its variants and real human responses across all three metrics.

Accuracy: I would rate this answer a 5 out of 5 for accuracy. The predicted answer accurately summarizes the results of the human evaluation mentioned in the paper, including the preferred systems and their performance across different metrics such as relevance, informativeness, and human-response possibility."
"How does DialoGPT compare with other conversation models in terms of performance, according to the paper?","  According to the paper, DialoGPT performs better than other conversation models in terms of automatic and human evaluation in single-turn dialogue settings. The paper states that DialoGPT achieves a performance close to human both in terms of automatic and human evaluation, indicating that it outperforms other models in this regard.",45.74,llama-2-7b-chat.ggmlv3.q3_K_L.bin,mistral-7b-instruct-v0.1.Q4_K_M.gguf,"Feedback: The predicted answer accurately summarizes the main point of the paper regarding DialoGPT's performance in single-turn dialogue settings. However, it could be improved by providing more specific details about the evaluation metrics used and how DialoGPT performed compared to other models. Additionally, the answer could benefit from a brief explanation of what is meant by ""conversation models"" and ""large naturally-occurring datasets.""
Grade: 3 out of 5","Coherence: 4 - The predicted answer maintains logical and consistent connections with the provided context by accurately stating that DialoGPT performs better than other conversation models in terms of automatic and human evaluation in single-turn dialogue settings, according to the paper.

Conciseness: 5 - The predicted answer is clear and concise within the given context as it provides a direct statement about the performance of DialoGPT compared to other models.

Accuracy: 4 - The predicted answer accurately states that DialoGPT performs better than other conversation models in terms of automatic and human evaluation in single-turn dialogue settings, according to the paper. However, it could be improved by providing more specific details about the performance improvements achieved by DialoGPT compared to other models."
What challenges or limitations does the paper acknowledge in the performance of DialoGPT?,"  The paper acknowledges several challenges and limitations in the performance of DialoGPT:

1. Lack of diversity in the training data: The model is trained on a large dataset of conversation-like exchanges extracted from Reddit comment chains, which may limit its ability to generate diverse responses.
2. Limited evaluation metrics: The paper acknowledges that automatic evaluation metrics, such as perplexity and BLEU score, may not fully capture the quality of generated responses, particularly in terms of their relevance and informativeness.
3. Difficulty in evaluating human-like responses: The paper notes that it is challenging to evaluate the model's ability to generate human-like responses, as there is no clear definition of what constitutes a ""human-like"" response.
4. Limited generalization to out-of-domain data: The paper acknowledges that DialoGPT may not generalize well to unseen domains or topics, which could limit its applicability in real-world scenarios.
5. Ethical considerations: The paper notes that there are ethical concerns surrounding the use of large-scale conversation datasets, such as potential biases and privacy issues.",66.03,llama-2-7b-chat.ggmlv3.q3_K_L.bin,mistral-7b-instruct-v0.1.Q4_K_M.gguf,"Feedback: The predicted answer provides an accurate summary of the challenges and limitations acknowledged in the paper regarding DialoGPT's performance. It covers several key points, including the lack of diversity in training data, limited evaluation metrics, difficulty in evaluating human-like responses, limited generalization to out-of-domain data, and ethical considerations.

Grade: 4/5","Coherence: 4 - The predicted answer maintains logical and consistent connections with the provided context by acknowledging several challenges and limitations in the performance of DialoGPT, including lack of diversity in training data, limited evaluation metrics, difficulty in evaluating human-like responses, limited generalization to out-of-domain data, and ethical considerations.

Conciseness: 4 - The predicted answer is clear and concise within the given context by providing a comprehensive list of challenges and limitations that have been acknowledged in the paper.

Accuracy: 5 - The predicted answer accurately reflects the content of the provided context, as it acknowledges several challenges and limitations in the performance of DialoGPT that are discussed in the paper."
Does the paper discuss any fine-tuning strategies or adaptation techniques for DialoGPT?,"  Yes, the paper discusses several fine-tuning strategies and adaptation techniques for DialoGPT. Specifically, the authors propose the following methods:

1. Linear scaling of the model size with respect to the number of GPUs used for training. This allows for faster training times without sacrificing performance.
2. Dynamic batching strategy, which groups conversations of similar lengths into the same batch, thereby increasing training throughput.
3. Fine-tuning DialoGPT on a small dataset of 100,000 human-generated responses to adapt the model to a specific dialogue context. This improves the model's performance in generating coherent and relevant responses.
4. Using a combination of automatic and human evaluation metrics to evaluate the model's performance in single-turn dialogue settings. This helps to better capture the nuances of human evaluation and improve the model's overall performance.",48.72,llama-2-7b-chat.ggmlv3.q3_K_L.bin,mistral-7b-instruct-v0.1.Q4_K_M.gguf,"Feedback: The predicted answer provides an accurate summary of the fine-tuning strategies and adaptation techniques discussed in the paper. It highlights the linear scaling of the model size with respect to the number of GPUs used for training, dynamic batching strategy, fine-tuning on a small dataset, and using a combination of automatic and human evaluation metrics. The answer also provides relevant context from the original question about DSTC-7 Dialogue Generation Challenge.

Grade: 4/5","Coherence: 4 - The predicted answer provides a clear and concise overview of the fine-tuning strategies and adaptation techniques discussed in the paper, while also maintaining logical connections with the provided context.

Conciseness: 3 - While the answer is generally clear and to the point, there are some minor details that could be omitted for brevity without losing important information.

Accuracy: 4 - The predicted answer accurately summarizes the fine-tuning strategies and adaptation techniques discussed in the paper, including linear scaling of model size, dynamic batching strategy, fine-tuning on a small dataset, and using automatic and human evaluation metrics."
What is DialoGPT?," DialoGPT is a large, tunable neural conversational response generation model that was developed by Microsoft Corporation. It was trained on 147 million conversation-like exchanges extracted from Reddit comment chains over a period spanning from 2005 through 2017. The goal of the DSTC (Dialog System Technology Challenges) 7 track is to generate conversation responses that go beyond chitchat by injecting information that is grounded in external knowledge, and DialoGPT is specifically designed for this task.",47.47,mistral-7b-instruct-v0.1.Q4_K_M.gguf,llama-2-7b-chat.ggmlv3.q3_K_L.bin,"Based on the provided context, I would give the predicted answer a score of 4 out of 5. Here's my feedback:

Strengths:

* The answer accurately identifies DialoGPT as a large, tunable neural conversational response generation model that was trained on Reddit comment chains.
* The answer provides clear and concise explanations for the goal of the DSTC 7 track and how DialoGPT is specifically designed for this task.
* The answer demonstrates good understanding of the context by highlighting the key features of DialoGPT, such as its large size and ability to generate conversation responses that go beyond chitchat.

Weaknesses:

* The answer could benefit from more detailed explanations on how DialoGPT was trained or what sets it apart from other end-to-end conversational models.
* Some of the sentences are a bit simplistic and lack nuance, which may make the answer less engaging for readers who are already familiar with the topic.

Overall, I would give this predicted answer a score of 4 out of 5 because it demonstrates good understanding of the context and provides clear explanations on DialoGPT's key features. However, there is room for improvement in terms of adding more nuanced details to make the answer more informative and engaging for readers.","Based on the predicted answer, I would rate it as follows:

Coherence: 4/5 - The answer maintains logical and consistent connections with the provided context, but there are some minor errors in syntax and semantics that detract from its coherence.

Conciseness: 3/5 - While the answer is generally clear and to the point, it could benefit from being more concise in certain areas, particularly towards the end where it becomes a bit repetitive.

Accuracy: 4/5 - The accuracy of the answer is good overall, but there are some minor errors in terms of facts or details that could be improved upon. For example, DialoGPT was not specifically developed for the DSTC 7 track, as mentioned in the passage.

Overall, I would give this predicted answer a score of 3.5/5 based on these metrics."
What data DialoGPT trained on?, The data that DialoGPT trained on was conversation-like exchanges extracted from Reddit comment chains over a period spanning from 2005 through 2017.,27.81,mistral-7b-instruct-v0.1.Q4_K_M.gguf,llama-2-7b-chat.ggmlv3.q3_K_L.bin,"Feedback: The predicted answer provides a clear summary of the data that DialoGPT trained on. However, it could be improved by providing more specific details about the dataset, such as the number of conversations or the length of each conversation. Additionally, the answer could benefit from including some contextual information about why this data was chosen for training and what makes it relevant to the task at hand.
Grade: 3/5

Reasoning: The predicted answer provides a good summary of the data that DialoGPT trained on, but lacks specific details and contextual information.","Based on the predicted answer, I would rate it as follows:

Coherence: 4/5 - The answer maintains logical and consistent connections with the provided context, but there are some minor inconsistencies in the flow of ideas.
Conciseness: 3/5 - While the answer is clear and to the point in some areas, it could be improved by being more concise in certain parts.
Accuracy: 4/5 - The answer is generally accurate in relation to the provided context, but there are a few minor errors or inaccuracies.

Overall, I would give this predicted answer a score of 3.7 out of 5."
What is the problems that DialoGPT paper trying to solve?," The DialoGPT paper aims to address several issues with current state-of-the-art end-to-end conversation models. These include linear scalability with respect to the number of GPUs, a dynamic batching strategy for increasing training throughput, and addressing the challenges posed by human dialogue such as its diversity in potential responses, informality, noise, and use of abbreviations or errors. Additionally, the paper focuses on generating conversation responses that are grounded in external knowledge beyond chitchat, which is distinct from goal-oriented, task-oriented, or task-completion dialogs. The DSTC-7 Dialogue Generation Challenge serves as a benchmark for evaluating the performance of these models.",45.89,mistral-7b-instruct-v0.1.Q4_K_M.gguf,llama-2-7b-chat.ggmlv3.q3_K_L.bin,"Feedback: The predicted answer provides a clear summary of the main points discussed in the passage, including the problems that DialoGPT paper is trying to solve, the strategies employed by the authors to address these issues, and the challenges posed by human dialogue. However, there are some minor errors in grammar and punctuation throughout the answer.

Grade: Based on the quality of the predicted answer, I would give it a grade of 4 out of 5. The answer provides good coverage of the main points discussed in the passage, but could benefit from some additional attention to detail and accuracy in terms of grammar and punctuation.","Based on my evaluation, here are the ratings for the predicted answer:

Coherence: 4/5
The predicted answer maintains logical and consistent connections with the provided context throughout. However, there are some instances where the flow of ideas could be improved upon to better align with the given context.

Conciseness: 3/5
While the answer is clear in its main points, it could benefit from being more concise in certain areas. The predicted response is somewhat lengthy and could potentially be condensed without compromising its overall coherence.

Accuracy: 4/5
The accuracy of the predicted answer is generally good, with a thorough understanding of the issues addressed in the DialoGPT paper. However, there are some minor errors or omissions here and there that could be improved upon."
How is the architecture of DialoGPT designed to handle conversational context?," The architecture of DialoGPT is designed to handle conversational context through its use of a dynamic batching strategy that groups conversations of similar lengths into the same batch, increasing training throughput. Additionally, it leverages external knowledge by targeting human-like interaction in single-turn dialogue settings and generating more relevant, contentful, and context-consistent responses than strong baseline systems.",39.64,mistral-7b-instruct-v0.1.Q4_K_M.gguf,llama-2-7b-chat.ggmlv3.q3_K_L.bin,"Feedback: The predicted answer provides a good overview of how DialoGPT handles conversational context through its use of dynamic batching and leveraging external knowledge. However, it could benefit from more specific examples or evidence to support these claims. Additionally, some parts of the answer are somewhat vague or general, which may affect the overall grade.

Grade: Based on the provided feedback, I would give the predicted answer a grade of 3 out of 5. While it provides some useful information about DialoGPT's architecture and capabilities, there is room for more detail and specificity in its explanation.","Based on the predicted answer, I would rate it as follows:

Coherence: 4/5
The predicted answer maintains logical and consistent connections with the provided context throughout the response. However, there are some instances where the answer could be more clearly connected to the context, such as in the second sentence where a clearer transition between ideas would improve coherence.

Conciseness: 3/5
While the predicted answer is clear and concise overall, it could benefit from being more direct and to the point within certain sections of the response. For example, the first sentence could be shorter and more directly related to the context provided.

Accuracy: 4/5
The predicted answer accurately addresses the question posed in the context, but there are some minor errors in terminology that could be improved upon (e.g., ""DialoGPT"" is misspelled as ""DIALO GPT""). Additionally, while the answer does provide a clear overview of how DialoGPT handles conversational context, it could benefit from further clarification on specific aspects of its architecture and training methods that contribute to this capability."
Can you explain the key architectural components of DialoGPT mentioned in the paper?," The key architectural components of DialoGPT mentioned in the paper are as follows:

* It models a multi-turn dialogue session as a long text and frames the generation task as language modeling.
* It concatenates all dialog turns within a dialogue session into a long text, ending it with the end-of-text token.
* The source sentence (dialogue history) is denoted as S=x1,···,x and the target sentence (ground truth response) as T=xm+1,···,xN.
* It calculates the conditional probability of P(T|S) using a series of conditional probabilities: p(T|S) = N∏ n=m+1p(xn|x1,···,xn−1).",39.79,mistral-7b-instruct-v0.1.Q4_K_M.gguf,llama-2-7b-chat.ggmlv3.q3_K_L.bin,"Feedback: The predicted answer provides a good summary of the key architectural components of DialoGPT mentioned in the paper. However, it could be improved by providing more detailed explanations for each component and highlighting their significance in the context of dialogue generation. Additionally, the answer could benefit from including examples or references to support the claims made about the model's architecture.

Grade: 4/5

Reasoning: The predicted answer provides a good overview of the key architectural components of DialoGPT mentioned in the paper. However, it lacks depth and detail in its explanations, which hinders its overall quality. Additionally, the answer could benefit from including examples or references to support its claims. Despite these limitations, the predicted answer demonstrates a good understanding of the topic and provides relevant information for readers unfamiliar with DialoGPT's architecture.","Based on the predicted answer, I would rate it as follows:

Coherence: 4/5
The answer maintains logical and consistent connections with the provided context throughout. However, there are some minor inconsistencies in the flow of ideas between certain sentences that could be improved upon.

Conciseness: 3/5
While the answer is clear and to the point in some areas, it could benefit from being more concise overall. Some sentences are longer than necessary, which can make the answer feel less streamlined.

Accuracy: 4/5
The accuracy of the answer is generally good, but there are a few minor errors or oversights that could be improved upon. For example, in one instance, the answer states ""N∏"" when it should be ""N ∏"". These types of errors can detract from the overall quality of the answer.

Overall, I would give the predicted answer a score of 3.5/5 based on these metrics. While there are some areas where the answer excels (coherence and accuracy), there are also some room for improvement in terms of conciseness and minor errors."
What evaluation metrics were used in the paper to assess the performance of DialoGPT?," The evaluation metrics used in the paper to assess the performance of DialoGPT are relevance, informativeness and human-response possibility.",36.35,mistral-7b-instruct-v0.1.Q4_K_M.gguf,llama-2-7b-chat.ggmlv3.q3_K_L.bin,"Feedback: The predicted answer provides a clear summary of the evaluation metrics used in the paper to assess the performance of DialoGPT. However, it could be improved by providing more detailed explanations for each metric and how they were evaluated. Additionally, the answer could benefit from including examples or references to specific sections of the paper where these metrics are discussed.

Grade: 3/5","Based on the predicted answer, I would rate it as follows:

Coherence: 4/5 - The answer maintains logical and consistent connections with the provided context, but there are some minor inconsistencies in the flow of ideas.
Conciseness: 3/5 - The answer is somewhat clear and to the point, but could benefit from being more concise in certain areas.
Accuracy: 4/5 - The answer accurately reflects the information provided in the context, but there are some minor errors or omissions that could be improved upon."
Can you discuss the results of the human evaluation mentioned in the paper?," The human evaluation conducted by the authors involved evaluating 2000 randomly sampled test sources from the Reddit 6K dataset using crowd-sourcing. They presented each pair of system outputs to three judges who ranked them based on their similarity to a human response and informativeness. The results showed that there were no statistically significant differences between the mean scores of the systems evaluated, including DialoGPT with MMI, compared to human responses. Additionally, the authors performed significance testing using 10K bootstrap iterations and found that the differences between the means of different models were not significant. The paper also provides a template for human evaluation in Figure 2.",48.95,mistral-7b-instruct-v0.1.Q4_K_M.gguf,llama-2-7b-chat.ggmlv3.q3_K_L.bin,"Feedback: The predicted answer provides a clear summary of the results of the human evaluation conducted by the authors in the paper. However, there are some minor errors in the formatting and punctuation that could be improved upon. For example, the first bullet point in the ""Results"" section is not properly indented, and there are several instances of missing or unnecessary commas throughout the answer.
Grade: Based on the quality of the predicted answer, I would give it a grade of 3 out of 5. While the answer provides a good summary of the results of the human evaluation, there are some minor errors that detract from its overall quality.","Based on the predicted answer, I would rate it as follows:

Coherence: 4/5 - The answer maintains logical and consistent connections with the provided context, but there are some minor inconsistencies in the flow of ideas.

Conciseness: 4/5 - The answer is generally clear and to the point within the given context, but it could benefit from being more concise in certain areas.

Accuracy: 3/5 - While the answer does provide some accurate information related to the human evaluation conducted by the authors, there are a few minor errors or omissions that affect its overall accuracy."
"How does DialoGPT compare with other conversation models in terms of performance, according to the paper?"," According to the paper, DialoGPT outperforms other conversation models in terms of performance, particularly when compared with human outputs. The results show that DialoGPT is preferred by humans for its relevance and informativeness, even when it disagrees with otherwise ethical statements. Additionally, DialoGPT can generate conversations linearly w.r.t. the number of GPUs and employs a dynamic batching strategy to increase training throughput.",42.21,mistral-7b-instruct-v0.1.Q4_K_M.gguf,llama-2-7b-chat.ggmlv3.q3_K_L.bin,"Based on the provided context, I would give the predicted answer a grade of 4 out of 5. Here's my feedback:

The predicted answer provides a clear summary of the main points discussed in the paper, including DialoGPT's performance compared to other conversation models and its ability to generate conversations linearly w.r.t. the number of GPUs. The answer also highlights the significance of DialoGPT's results and how they compare to human outputs.

However, there are a few areas where the predicted answer could be improved:

1. Clarity: At times, the language used in the predicted answer is somewhat complex and may benefit from simpler wording. For example, the phrase ""attain a performance close to human both in terms of automatic and human evaluation"" could be rephrased for better clarity.
2. Organization: The predicted answer jumps between different topics within the paper without proper transitions. It would be helpful to organize the answer into clear sections or subtopics, each focusing on a specific aspect of DialoGPT's performance or capabilities.
3. Depth of analysis: While the predicted answer provides an overview of DialoGPT's performance and capabilities, it could benefit from more in-depth analysis and discussion of the underlying reasons for its success. For example, how does DialoGPT generate conversations linearly w.r.t. the number of GPUs? What are some potential applications or limitations of this capability?

Overall, while the predicted answer provides a good summary of the paper's main points, it could benefit from improved clarity, organization, and depth of analysis.","Based on the predicted answer, I would rate it as follows:

Coherence: 4/5 - The answer maintains logical and consistent connections with the provided context, but there are some minor inconsistencies in the flow of ideas.
Conciseness: 3/5 - While the answer is clear and to the point in some areas, it could be more concise overall, as it tends to ramble slightly towards the end.
Accuracy: 4/5 - The accuracy of the answer is generally good, but there are a few minor errors or inaccuracies in the provided context."
What challenges or limitations does the paper acknowledge in the performance of DialoGPT?," The paper acknowledges that current state-of-the-art end-to-end conversation models trained on large naturally-occurring datasets have known issues such as generating responses that reverse, disagree with otherwise ethical statements. These limitations are attributed to the lack of specific or predefined goals in the task and the focus on human-like interactions rather than goal-oriented, task-oriented, or task-completion dialogs.",41.55,mistral-7b-instruct-v0.1.Q4_K_M.gguf,llama-2-7b-chat.ggmlv3.q3_K_L.bin,"Feedback: The predicted answer provides a good summary of the challenges or limitations acknowledged in the paper. However, it could be improved by providing more specific examples or evidence from the paper to support the claims made. Additionally, the answer could benefit from a clearer organization and structure, with each point clearly linked to the previous one.
Grade: 3/5

Reasoning: The predicted answer provides some relevant points related to the challenges acknowledged in the paper, but it lacks specific examples or evidence to support its claims. Additionally, the answer could benefit from a clearer organization and structure.","Based on the predicted answer, I would rate it as follows:

Coherence: 4/5 - The answer maintains logical and consistent connections with the provided context, but there are some minor inconsistencies in the flow of ideas.
Conciseness: 3/5 - While the answer is clear and to the point in some areas, it could be improved by being more concise in certain sections.
Accuracy: 4/5 - The accuracy of the answer is generally good, but there are a few minor errors or inaccuracies in the provided context."
Does the paper discuss any fine-tuning strategies or adaptation techniques for DialoGPT?," No, the paper does not discuss any fine-tuning strategies or adaptation techniques for DialoGPT.",26.23,mistral-7b-instruct-v0.1.Q4_K_M.gguf,llama-2-7b-chat.ggmlv3.q3_K_L.bin,"Feedback: The predicted answer does not accurately reflect what the paper discusses. While the paper does mention that DialoGPT was trained on a large dataset of conversation-like exchanges, it does not provide any specific techniques for fine-tuning or adapting the model. Therefore, the predicted answer receives a grade of 1 (lowest).
Grading Scale:

| Predicted Answer | Grade |
| --- | --- |
| Does the paper discuss any fine-tuning strategies or adaptation techniques for DialoGPT? | 1 |

Please provide the actual answer you would like me to grade.","Based on my evaluation, I would rate the predicted answer as follows:

Coherence: 4/5
The answer does maintain logical and consistent connections with the provided context, but there is room for improvement in terms of cohesiveness. The answer could be more tightly connected to the main idea of the question, and some of the sentences could be rephrased or condensed to better flow within the context.

Conciseness: 4/5
The answer is generally clear and concise, but there are a few places where it could be improved in terms of brevity. Some of the sentences are longer than necessary, and there are opportunities for more efficient wording or phrasing.

Accuracy: 3/5
While the answer does provide some relevant information related to the question, it is not entirely accurate in its claims. For example, the paper does not discuss any fine-tuning strategies or adaptation techniques for DialoGPT, so this aspect of the answer is incorrect. Additionally, there are a few minor errors in grammar and punctuation throughout the answer that could be improved upon."
What is DialoGPT?,"  Based on the context, DialoGPT is a large, tunable neural conversational response generation model.",92.52,llama-2-13b-chat.Q4_K_M.gguf,mistral-7b-instruct-v0.1.Q4_K_M.gguf,"The predicted answer accurately summarizes DialoGPT as a large, tunable neural conversational response generation model. However, it does not provide any additional information or context beyond what was given in the original prompt. Therefore, I would grade this answer a 3 out of 5 on the grading scale provided.","Coherence: 4 - The predicted answer maintains logical and consistent connections with the provided context by accurately identifying DialoGPT as a large, tunable neural conversational response generation model.

Conciseness: 3 - While the predicted answer is clear and to the point within the given context, it could be more concise by simply stating that DialoGPT is a large, tunable neural conversational response generation model without repeating the phrase ""large-scale generative pre-training.""

Accuracy: 5 - The predicted answer accurately describes DialoGPT as a large, tunable neural conversational response generation model and provides relevant information about its training data and performance."
What data DialoGPT trained on?,"  Based on the text, DialoGPT was trained on 147M conversation-like exchanges extracted from Reddit comment chains over a period spanning from 2005 through 2017.",63.34,llama-2-13b-chat.Q4_K_M.gguf,mistral-7b-instruct-v0.1.Q4_K_M.gguf,"The predicted answer is accurate and provides relevant information about DialoGPT's training data. The grading for this answer would be 4 out of 5 because it accurately identifies the source of DialoGPT's training data, which is important contextual information that helps to understand the model's capabilities and limitations.","Coherence: 4 - The predicted answer provides a clear and logical explanation of what DialoGPT was trained on, but it could be more specific about the nature of the conversations included in the dataset.

Conciseness: 3 - While the answer is concise, it could benefit from being more brief while still conveying all necessary information.

Accuracy: 4 - The predicted answer accurately describes what DialoGPT was trained on based on the provided context."
What is the problems that DialoGPT paper trying to solve?,"  Based on the context of the paper, the problems that DialoGPT is trying to solve are:

1. Content and style inconsistency in open-domain neural response generation systems.
2. Lack of human-like interactions in conversational models, which can lead to unnatural or predictable responses.
3. The need for a model that can generate conversation responses that go beyond chitchat and inject information grounded in external knowledge.",93.14,llama-2-13b-chat.Q4_K_M.gguf,mistral-7b-instruct-v0.1.Q4_K_M.gguf,"Based on the provided context, I would give this predicted answer a grade of 4 out of 5. The answer accurately identifies the problems that DialoGPT is trying to solve, including content and style inconsistency in open-domain neural response generation systems, lack of human-like interactions in conversational models, and the need for a model that can generate conversation responses grounded in external knowledge. However, it could have been improved by providing more specific examples or references from the paper to support each point.","Coherence: 4 - The predicted answer maintains logical and consistent connections with the provided context by accurately identifying the problems that DialoGPT is trying to solve, including content and style inconsistency, lack of human-like interactions, and the need for a model that can generate conversation responses beyond chitchat.

Conciseness: 4 - The predicted answer is clear and concise within the given context by providing a succinct summary of the problems DialoGPT aims to address.

Accuracy: 5 - The predicted answer accurately reflects the content of the paper, including the specific challenges posed in modeling conversations and the need for a model that can generate human-like interactions and inject information grounded in external knowledge."
How is the architecture of DialoGPT designed to handle conversational context?,"  Based on the text, the architecture of DialoGPT is designed to handle conversational context using a dynamic batching strategy that groups conversations of similar lengths into the same batch, increasing training throughput.",81.93,llama-2-13b-chat.Q4_K_M.gguf,mistral-7b-instruct-v0.1.Q4_K_M.gguf,"The predicted answer accurately summarizes the main idea of how DialoGPT handles conversational context using dynamic batching strategy. However, it could be improved by providing more specific details about the dynamic batching strategy and its benefits in terms of training throughput and performance. Additionally, the answer could benefit from a brief explanation of why this approach is important for handling conversational context.

Overall, I would grade this answer as 3 out of 5 because it accurately summarizes the main idea but lacks specificity and detail.","Coherence: 4 - The predicted answer maintains logical and consistent connections with the provided context by mentioning the dynamic batching strategy used in DialoGPT's architecture, which is relevant to handling conversational context. However, it could be improved by providing more specific details about how this strategy works.

Conciseness: 3 - The predicted answer is clear and concise within the given context but could benefit from being more succinct. It mentions the dynamic batching strategy without explaining its purpose or benefits in detail.

Accuracy: 4 - The predicted answer accurately reflects the provided context by mentioning the dynamic batching strategy used in DialoGPT's architecture, which is relevant to handling conversational context. However, it could be improved by providing more specific details about how this strategy works and its benefits."
Can you explain the key architectural components of DialoGPT mentioned in the paper?,"  Sure! Based on the context provided, here are the key architectural components of DialoGPT mentioned in the paper:

1. Dynamic batching strategy: The authors employed a dynamic batching strategy to group conversations of similar lengths into the same batch, increasing training throughput.
2. Multi-turn dialogue session: The model is designed to handle multi-turn dialogue sessions, where each turn is represented as a sequence of tokens.
3. Language modeling approach: The authors frame the generation task as language modeling, using a long text and concatenating all dialog turns within a session.
4. Conditional probability formula: The authors use a conditional probability formula to compute the likelihood of the target sentence given the source sentence, which is written as the product of a series of conditional probabilities.",87.05,llama-2-13b-chat.Q4_K_M.gguf,mistral-7b-instruct-v0.1.Q4_K_M.gguf,"Based on the provided context, I would give this predicted answer a grade of 4 out of 5. The answer accurately identifies the key architectural components of DialoGPT mentioned in the paper, including dynamic batching strategy, multi-turn dialogue session, language modeling approach, and conditional probability formula. However, it could be improved by providing more specific details or examples to illustrate each component.","Coherence: 4 - The predicted answer provides a clear and logical explanation of the key architectural components of DialoGPT mentioned in the paper, maintaining consistent connections with the given context.

Conciseness: 3 - While the answer is concise to some extent, it could be further simplified by providing only the essential information without repeating or elaborating on unnecessary details.

Accuracy: 4 - The predicted answer accurately reflects the key architectural components of DialoGPT mentioned in the paper, demonstrating a good understanding of the provided context."
What evaluation metrics were used in the paper to assess the performance of DialoGPT?,"  Based on the context text provided, the following evaluation metrics were used in the paper to assess the performance of DialoGPT:

1. Relevance
2. Informativeness
3. Human-response possibility

These metrics were used to compare the performance of DialoGPT with its variants and human responses. The results showed that DialoGPT performed well in terms of relevance, informativeness, and human-response possibility, with statistically significant improvements over human outputs.",97.87,llama-2-13b-chat.Q4_K_M.gguf,mistral-7b-instruct-v0.1.Q4_K_M.gguf,"I would give this predicted answer a grade of 4 out of 5. The answer accurately identifies the evaluation metrics used in the paper to assess DialoGPT's performance, and provides a brief explanation of each metric. However, it could be improved by providing more specific details about how these metrics were calculated or measured. Additionally, while the answer correctly notes that DialoGPT performed well in terms of relevance, informativeness, and human-response possibility, it would be helpful to include some quantitative data or results from the paper to support this claim. Overall, a very good job!","Coherence: 4 - The predicted answer provides a clear and logical explanation of the evaluation metrics used in the paper, but it could be more specific about how these metrics were calculated and what they represent.

Conciseness: 3 - While the answer is generally concise, there are some areas where additional information or clarification would improve its clarity. For example, the answer could provide more detail on the statistical significance of the results shown in Table 7.

Accuracy: 4 - The predicted answer accurately summarizes the main points of the context text and provides a clear explanation of the evaluation metrics used in the paper. However, there may be some minor errors or omissions that could improve its accuracy further."
Can you discuss the results of the human evaluation mentioned in the paper?,"  Sure! The human evaluation results are presented in Table 7 and show the preferences (%) for our model (DialoGPT) vis-a-vis its variants and real human responses. The table shows that DialoGPT with MMI has the highest preference score, with a statistically significant difference compared to the other systems. Specifically, the differences between DialoGPT and the other systems are not statistically significant, indicating that DialoGPT is not significantly better or worse than the other systems. Additionally, there is no significant difference between human responses and DialoGPT with MMI.",109.42,llama-2-13b-chat.Q4_K_M.gguf,mistral-7b-instruct-v0.1.Q4_K_M.gguf,"Based on the provided context, I would give this predicted answer a grade of 3 out of 5. The answer accurately summarizes the results presented in Table 7, but it does not provide any additional insights or analysis beyond what is already stated in the table. Additionally, the answer could have been improved by providing more specific details about the statistical significance tests used to compare the systems and human responses. Overall, while the answer is correct, it lacks depth and detail that would make it stand out as a high-quality response.","Coherence: 4 - The predicted answer provides a clear and concise summary of the human evaluation results presented in Table 7, but it does not provide any additional information or insights beyond what is already stated in the table. It maintains logical connections with the provided context by accurately summarizing the data presented in the table.

Conciseness: 4 - The predicted answer provides a clear and concise summary of the human evaluation results, but it could be further improved by providing more specific details about the differences between DialoGPT and the other systems. It is not overly long or complex, so it maintains good concision within the given context.

Accuracy: 5 - The predicted answer accurately summarizes the human evaluation results presented in Table 7, including the preference scores for each system and the statistically significant differences between DialoGPT with MMI and the other systems. It also correctly identifies that there is no significant difference between human responses and DialoGPT with MMI. Overall, the answer is highly accurate within the given context."
"How does DialoGPT compare with other conversation models in terms of performance, according to the paper?","  Based on the information provided in the paper, DialoGPT outperforms other conversation models in terms of performance, as indicated by the statistically significant results (p ≤0.01, ** p≤0.001, *** p≤0.0001, **** p≤0.00001) in the human evaluation for relevance, informativeness and human-response possibility. The paper states that DialoGPT with MMI (Multi-Modal Inference) outperforms its variants and real human responses in terms of performance.",104.73,llama-2-13b-chat.Q4_K_M.gguf,mistral-7b-instruct-v0.1.Q4_K_M.gguf,"Based on the information provided in the paper, it appears that DialoGPT outperforms other conversation models in terms of performance as indicated by statistically significant results (p ≤0.01, ** p≤0.001, *** p≤0.0001, **** p≤0.00001) in the human evaluation for relevance, informativeness and human-response possibility. The paper also states that DialoGPT with MMI outperforms its variants and real human responses in terms of performance.
Therefore, I would grade this answer as 4 out of 5.","Coherence: 4 - The predicted answer is highly coherent with the provided context as it accurately states that DialoGPT outperforms other conversation models in terms of performance, based on the information provided in the paper.

Conciseness: 3 - While the answer is clear and to the point within the given context, it could be more concise by simply stating that DialoGPT performs better than other conversation models according to the paper.

Accuracy: 5 - The predicted answer accurately reflects the information provided in the context, specifically regarding the performance of DialoGPT compared to other conversation models."
What challenges or limitations does the paper acknowledge in the performance of DialoGPT?,"  Based on the text, the paper acknowledges the following challenges or limitations in the performance of DialoGPT:

1. The model is not goal-oriented, task-oriented, or task-completion dialogs. It targets human-like interactions instead.
2. The model has issues with current state-of-the-art end-to-end conversation models trained on large naturally-occurring datasets, such as disagreeing with otherwise ethical statements.",101.79,llama-2-13b-chat.Q4_K_M.gguf,mistral-7b-instruct-v0.1.Q4_K_M.gguf,"Feedback: The predicted answer accurately identifies two challenges or limitations in the performance of DialoGPT as mentioned in the text. However, it could have been improved by providing more specific examples or elaboration on each challenge. Additionally, the grading scale provided does not seem to be relevant to this task and should be clarified beforehand.

Grade: 3 out of 5","Coherence: 4 - The predicted answer maintains logical and consistent connections with the provided context by acknowledging two specific challenges or limitations that are mentioned in the text.

Conciseness: 3 - While the answer is clear, it could be more concise as it only mentions two challenges instead of providing a comprehensive overview of all the issues discussed in the paper.

Accuracy: 4 - The predicted answer accurately reflects the challenges or limitations mentioned in the text by acknowledging that DialoGPT is not goal-oriented and has issues with disagreeing with ethical statements."
Does the paper discuss any fine-tuning strategies or adaptation techniques for DialoGPT?,"  No, the paper does not discuss any fine-tuning strategies or adaptation techniques for DialoGPT.",61.93,llama-2-13b-chat.Q4_K_M.gguf,mistral-7b-instruct-v0.1.Q4_K_M.gguf,"Feedback: The predicted answer is incorrect as it states that the paper does not discuss any fine-tuning strategies or adaptation techniques for DialoGPT. However, the context indicates that the authors of the paper employed a dynamic batching strategy to group conversations of similar lengths into the same batch, thus increasing training throughput and achieving better performance in single-turn dialogue settings.
Grade: 2/5","Coherence: 3 - The predicted answer is partially correct, but it does not fully maintain logical and consistent connections with the provided context. It only mentions that the paper does not discuss fine-tuning strategies or adaptation techniques for DialoGPT without providing any supporting evidence from the context.

Conciseness: 4 - The predicted answer is clear and to the point within the given context, but it could be more concise by simply stating that the paper does not mention any fine-tuning strategies or adaptation techniques for DialoGPT.

Accuracy: 3 - The predicted answer is partially accurate in relation to the provided context. It correctly states that the paper does not discuss fine-tuning strategies or adaptation techniques for DialoGPT, but it fails to provide any supporting evidence from the context."
